,t_statistic,p_value
"K.[304.207](Y,116.074)LYETTLE(K,304.207).C",4.483795032816062,2.201953363611307e-05
"R.{291.173}[304.207]ILGGHLDA(K,304.207).G",6.971798246712235,5.509119726433417e-10
"K.[304.207](V,290.171)DNALQSGNSQESVTEQDS(K,304.207).D",4.643236097932212,1.191786634014068e-05
"-.[304.207](Y,43.006)EPGEEITYS(C,57.021)(K,304.207)PGYVSR.G",-2.42962765904118,0.017146309151471133
"R.{290.173}[304.207]EGT(C,57.021)PEAPTDE(C,57.021)(K,304.207)PV(K,304.207).W",4.033893882693507,0.00011656414812637902
"K.{152.824}[304.207]AAFTE(C,57.021)(C,57.021)QA.-",3.4769219040926638,0.0007901954010858469
"R.[304.207](F,-13.032)(K,304.207)DLGEENF(K,304.207).A",3.646923282946509,0.0004489336068628292
"S.[236.123]LHTLFGD(K,304.207).L",5.381317377292997,6.050661826668412e-07
"V.[304.207](A,-8.959)TLRETYGEMAD(C,57.021)(C,57.021)A(K,304.207).Q",-2.0303788368887665,0.04533714413631219
"K.[304.207]SLHTLFGD(K,332.213)L(C,57.021)TVA.T",-7.295415818570756,1.2419514887927855e-10
